provider_name,category,subcategory,offer_name,description,price_eur,price_usdc_mock,currency,city,district,address_hint,country_code,website,source,gift_ready,delivery_type,duration_or_validity,tags,status
Liquidrom,spa,thermal bath,Short Escape 90,"Thermal bath access for 90 minutes at Liquidrom, suitable as an entry-level wellness gift in central Berlin.",22.0,24,EUR,Berlin,Kreuzberg,Möckernstraße 10,DE,https://www.liquidrom-berlin.de/en/preise.php,Liquidrom tariffs page,yes,email_qr,90 min,"spa,wellness,thermal bath,central berlin",seed_live
Liquidrom,spa,thermal bath,Urban Flow 120,"Thermal bath access for 120 minutes, positioned as a stronger relaxation gift option.",24.5,27,EUR,Berlin,Kreuzberg,Möckernstraße 10,DE,https://www.liquidrom-berlin.de/en/preise.php,Liquidrom tariffs page,yes,email_qr,120 min,"spa,wellness,thermal bath,mid-tier",seed_live
Liquidrom,spa,thermal bath,Deep Dive 180,"Extended thermal bath session for 180 minutes, ideal for premium gifting and longer stays.",29.5,32,EUR,Berlin,Kreuzberg,Möckernstraße 10,DE,https://www.liquidrom-berlin.de/en/preise.php,Liquidrom tariffs page,yes,email_qr,180 min,"spa,wellness,premium,long stay",seed_live
Talking Hands Ceramics,ceramics,pottery class,Beginner Pottery Experience,"Intro pottery workshop in Neukölln focused on useful handmade objects like mugs, bowls, plates or vases.",75.0,82,EUR,Berlin,Neukölln,Herrfurthplatz / Schillerkiez,DE,https://www.talkinghandsceramics.com,Talking Hands homepage,yes,email_qr,2-3 hours,"ceramics,workshop,creative,beginner,neukolln",seed_live
Atelier Amélie,ceramics,workshop,Coffee & Clay Workshop,"One-day ceramics workshop in a cozy Berlin studio, good for gifting to beginners wanting a social clay session.",60.0,66,EUR,Berlin,Berlin,Studio location on website,DE,https://atelier-amelie.com,Atelier Amélie classes page snippet,yes,email_qr,1 day,"ceramics,coffee,beginner,creative,giftable",seed_live
Atelier Amélie,ceramics,course,Evening Clay 3-Week Course,"Three-week pottery course with building, trimming and glazing, suited to premium creative gifting.",160.0,175,EUR,Berlin,Berlin,Studio location on website,DE,https://atelier-amelie.com,Atelier Amélie classes page snippet,yes,email_qr,3 weeks,"ceramics,course,premium,creative",seed_live
feuer zeug keramik,ceramics,pottery class,Wheel Throwing Course,"Four-session wheel-throwing course in Kreuzberg with glazing included, suitable for serious beginners.",210.0,230,EUR,Berlin,Kreuzberg,Mariannenstraße 48,DE,https://feuer-zeug-keramik.de/english.html,feuer zeug keramik English page,yes,email_qr,4 sessions x 2h,"ceramics,wheel throwing,kreative kurse,kreuzberg",seed_live
claï studio,ceramics,pottery class,Try the Wheel for Beginners,"Small-group beginner throwing wheel session in Prenzlauer Berg/Mitte area, positioned as a giftable first pottery experience.",85.0,93,EUR,Berlin,Prenzlauer Berg,Teutoburger Platz area,DE,https://www.claistudio.com/collections/pottery-classes-workshops-berlin-prenzlauer-berg,claï studio classes page,yes,email_qr,single class,"ceramics,beginner,small group,prenzlauer berg",seed_live
claï studio,ceramics,pottery class,Weekender Throwing Wheel,Weekend beginner throwing wheel class in a premium small-group setup.,195.0,214,EUR,Berlin,Prenzlauer Berg,Teutoburger Platz area,DE,https://www.claistudio.com/collections/pottery-classes-workshops-berlin-prenzlauer-berg,claï studio classes page,yes,email_qr,weekend course,"ceramics,weekend,premium,creative",seed_live
HANDFUL,ceramics,workshop,Ceramic Starter / Anfängerkurs,Beginner ceramic workshop in Berlin with a mindful and process-focused approach.,90.0,99,EUR,Berlin,Berlin,Studio location on website,DE,https://www.handfulceramics.com/our-classes,HANDFUL classes page,yes,email_qr,2 hours,"ceramics,beginner,mindful,workshop",seed_live
HANDFUL,ceramics,workshop,Tactile Clay Meditation,Short mindful clay session designed more like a creative wellness experience than a traditional class.,25.0,28,EUR,Berlin,Berlin,Studio location on website,DE,https://www.handfulceramics.com/our-classes,HANDFUL classes page,yes,email_qr,1 hour,"ceramics,mindfulness,creative,entry level",seed_live
Ganymed Brasserie,restaurant,voucher,Dinner Voucher,"Restaurant voucher for a classic Berlin brasserie by the river, suitable for date-night gifting.",50.0,55,EUR,Berlin,Mitte,Am Schiffbauerdamm area,DE,https://www.ganymed-brasserie.de/en/gift-vouchers/,Ganymed gift voucher page,yes,email_qr,voucher validity 3 years,"restaurant,dinner,voucher,romantic,mitte",seed_live
Ganymed Brasserie,restaurant,voucher,Wine Seminar Voucher,Gift voucher positioned for culinary lovers and wine-focused experiences at Ganymed.,89.0,97,EUR,Berlin,Mitte,Am Schiffbauerdamm area,DE,https://www.ganymed-brasserie.de/en/gift-vouchers/,Ganymed gift voucher page,yes,email_qr,event-based,"restaurant,wine seminar,culinary,experience",seed_live
Berlin Food Stories Voucher,restaurant,multi-merchant voucher,Foodie Gift Voucher,"Voucher redeemable across 40+ favourite Berlin restaurants, useful as a flexible restaurant gift card in the MVP seed catalog.",100.0,109,EUR,Berlin,Berlin,Multiple partner venues,DE,https://www.bfsvoucher.com,Berlin Food Stories voucher site,yes,email_qr,voucher validity varies,"restaurant,foodie,multi merchant,gift card",seed_live
Babylon,cinema,ticket,Silent Film Midnight Ticket,Giftable cinema admission concept based on Babylon’s recurring silent film programming in a historic 1920s venue.,12.0,14,EUR,Berlin,Mitte,Rosa-Luxemburg-Platz area,DE,https://www.visitberlin.de/en/babylon,visitBerlin Babylon page,yes,email_qr,single screening,"cinema,silent film,historic venue,mitte",seed_live
Babylon,cinema,ticket,Classic Cinema Night for Two,Gift bundle concept for two tickets inspired by Babylon’s classics and special screenings.,24.0,27,EUR,Berlin,Mitte,Rosa-Luxemburg-Platz area,DE,https://www.visitberlin.de/en/babylon,visitBerlin Babylon page,yes,email_qr,single evening,"cinema,date night,classic films,couples",seed_live
Sanft & Schön,beauty,facial,Classic Facial Treatment,"Professional facial treatment in Berlin Mitte, framed as a glow-up gift and self-care service.",54.0,59,EUR,Berlin,Mitte,Near Naturkundemuseum U-Bahn,DE,https://xn--sanft-schn-mcb.de/en/facial-treatment/,Sanft & Schön treatment page,yes,email_qr,45-60 min,"beauty,facial,self care,mitte",seed_live
Sanft & Schön,beauty,voucher,Facial Gift Voucher,Gift voucher for facial treatments including Aquafacial and Microneedling options.,80.0,87,EUR,Berlin,Mitte,Near Naturkundemuseum U-Bahn,DE,https://xn--sanft-schn-mcb.de/en/facial-treatment/voucher/,Sanft & Schön voucher page,yes,email_qr,voucher,"beauty,voucher,facial,gift ready",seed_live
Vabali Spa Berlin,spa,wellness,Day Spa Entry,"All-day spa access with sauna, pool and quiet lounge areas. Designed as a simple redeemable wellness gift.",41,45,EUR,Berlin,Moabit,Seydlitzstraße 6,DE,mock://berlin_seed,Synthetic Berlin seed based on real category demand,yes,email_qr,day pass,"spa,wellness,day pass",seed_live
Vabali Spa Berlin,spa,wellness,Couples Spa Session,Couples-oriented spa access package with longer validity and premium positioning for gifting.,79,86,EUR,Berlin,Moabit,Seydlitzstraße 6,DE,mock://berlin_seed,Synthetic Berlin seed based on real category demand,yes,email_qr,2-3 hours,"spa,couples,wellness,romantic",seed_live
Vabali Spa Berlin,spa,wellness,Massage & Thermal Package,"Bundled access with a short massage and thermal area entry, optimized for premium gifting.",95,104,EUR,Berlin,Moabit,Seydlitzstraße 6,DE,mock://berlin_seed,Synthetic Berlin seed based on real category demand,yes,email_qr,90-120 min,"spa,massage,premium,relaxation",seed_live
Waldorf Astoria Spa Berlin,spa,wellness,Day Spa Entry,"All-day spa access with sauna, pool and quiet lounge areas. Designed as a simple redeemable wellness gift.",41,45,EUR,Berlin,City West,Hardenbergstraße area,DE,mock://berlin_seed,Synthetic Berlin seed based on real category demand,yes,email_qr,day pass,"spa,wellness,day pass",seed_live
Waldorf Astoria Spa Berlin,spa,wellness,Couples Spa Session,Couples-oriented spa access package with longer validity and premium positioning for gifting.,79,86,EUR,Berlin,City West,Hardenbergstraße area,DE,mock://berlin_seed,Synthetic Berlin seed based on real category demand,yes,email_qr,2-3 hours,"spa,couples,wellness,romantic",seed_live
Waldorf Astoria Spa Berlin,spa,wellness,Massage & Thermal Package,"Bundled access with a short massage and thermal area entry, optimized for premium gifting.",95,104,EUR,Berlin,City West,Hardenbergstraße area,DE,mock://berlin_seed,Synthetic Berlin seed based on real category demand,yes,email_qr,90-120 min,"spa,massage,premium,relaxation",seed_live
Adlon Spa by Resense,spa,wellness,Day Spa Entry,"All-day spa access with sauna, pool and quiet lounge areas. Designed as a simple redeemable wellness gift.",41,45,EUR,Berlin,Mitte,Unter den Linden area,DE,mock://berlin_seed,Synthetic Berlin seed based on real category demand,yes,email_qr,day pass,"spa,wellness,day pass",seed_live
Adlon Spa by Resense,spa,wellness,Couples Spa Session,Couples-oriented spa access package with longer validity and premium positioning for gifting.,79,86,EUR,Berlin,Mitte,Unter den Linden area,DE,mock://berlin_seed,Synthetic Berlin seed based on real category demand,yes,email_qr,2-3 hours,"spa,couples,wellness,romantic",seed_live
Adlon Spa by Resense,spa,wellness,Massage & Thermal Package,"Bundled access with a short massage and thermal area entry, optimized for premium gifting.",95,104,EUR,Berlin,Mitte,Unter den Linden area,DE,mock://berlin_seed,Synthetic Berlin seed based on real category demand,yes,email_qr,90-120 min,"spa,massage,premium,relaxation",seed_live
ONO Spa Berlin,spa,wellness,Day Spa Entry,"All-day spa access with sauna, pool and quiet lounge areas. Designed as a simple redeemable wellness gift.",41,45,EUR,Berlin,Charlottenburg,Kurfürstendamm area,DE,mock://berlin_seed,Synthetic Berlin seed based on real category demand,yes,email_qr,day pass,"spa,wellness,day pass",seed_live
ONO Spa Berlin,spa,wellness,Couples Spa Session,Couples-oriented spa access package with longer validity and premium positioning for gifting.,79,86,EUR,Berlin,Charlottenburg,Kurfürstendamm area,DE,mock://berlin_seed,Synthetic Berlin seed based on real category demand,yes,email_qr,2-3 hours,"spa,couples,wellness,romantic",seed_live
ONO Spa Berlin,spa,wellness,Massage & Thermal Package,"Bundled access with a short massage and thermal area entry, optimized for premium gifting.",95,104,EUR,Berlin,Charlottenburg,Kurfürstendamm area,DE,mock://berlin_seed,Synthetic Berlin seed based on real category demand,yes,email_qr,90-120 min,"spa,massage,premium,relaxation",seed_live
Kiez Sauna & Massage,spa,wellness,Day Spa Entry,"All-day spa access with sauna, pool and quiet lounge areas. Designed as a simple redeemable wellness gift.",41,45,EUR,Berlin,Prenzlauer Berg,Kollwitzkiez area,DE,mock://berlin_seed,Synthetic Berlin seed based on real category demand,yes,email_qr,day pass,"spa,wellness,day pass",seed_live
Kiez Sauna & Massage,spa,wellness,Couples Spa Session,Couples-oriented spa access package with longer validity and premium positioning for gifting.,79,86,EUR,Berlin,Prenzlauer Berg,Kollwitzkiez area,DE,mock://berlin_seed,Synthetic Berlin seed based on real category demand,yes,email_qr,2-3 hours,"spa,couples,wellness,romantic",seed_live
Kiez Sauna & Massage,spa,wellness,Massage & Thermal Package,"Bundled access with a short massage and thermal area entry, optimized for premium gifting.",95,104,EUR,Berlin,Prenzlauer Berg,Kollwitzkiez area,DE,mock://berlin_seed,Synthetic Berlin seed based on real category demand,yes,email_qr,90-120 min,"spa,massage,premium,relaxation",seed_live
Käfer Restaurant Reichstag,restaurant,voucher,Lunch Voucher,"Flexible lunch voucher for one of Berlin’s notable dining venues, positioned for simple agent purchase.",35,38,EUR,Berlin,Mitte,Platz der Republik area,DE,mock://berlin_seed,Synthetic Berlin seed based on restaurant gifting patterns,yes,email_qr,voucher,"restaurant,lunch,voucher",seed_live
Käfer Restaurant Reichstag,restaurant,voucher,Dinner for Two,"Gift package calibrated for a date-night meal for two people, excluding or lightly including drinks.",89,97,EUR,Berlin,Mitte,Platz der Republik area,DE,mock://berlin_seed,Synthetic Berlin seed based on restaurant gifting patterns,yes,email_qr,single evening,"restaurant,dinner,couples,date night",seed_live
Käfer Restaurant Reichstag,restaurant,voucher,Tasting Menu Experience,Premium culinary experience product for gifting at higher-end Berlin venues.,145,158,EUR,Berlin,Mitte,Platz der Republik area,DE,mock://berlin_seed,Synthetic Berlin seed based on restaurant gifting patterns,yes,email_qr,single evening,"restaurant,tasting menu,premium,culinary",seed_live
SPHERE by Tim Raue,restaurant,voucher,Lunch Voucher,"Flexible lunch voucher for one of Berlin’s notable dining venues, positioned for simple agent purchase.",35,38,EUR,Berlin,Mitte,Alexanderplatz / TV Tower,DE,mock://berlin_seed,Synthetic Berlin seed based on restaurant gifting patterns,yes,email_qr,voucher,"restaurant,lunch,voucher",seed_live
SPHERE by Tim Raue,restaurant,voucher,Dinner for Two,"Gift package calibrated for a date-night meal for two people, excluding or lightly including drinks.",89,97,EUR,Berlin,Mitte,Alexanderplatz / TV Tower,DE,mock://berlin_seed,Synthetic Berlin seed based on restaurant gifting patterns,yes,email_qr,single evening,"restaurant,dinner,couples,date night",seed_live
SPHERE by Tim Raue,restaurant,voucher,Tasting Menu Experience,Premium culinary experience product for gifting at higher-end Berlin venues.,145,158,EUR,Berlin,Mitte,Alexanderplatz / TV Tower,DE,mock://berlin_seed,Synthetic Berlin seed based on restaurant gifting patterns,yes,email_qr,single evening,"restaurant,tasting menu,premium,culinary",seed_live
Nobelhart & Schmutzig,restaurant,voucher,Lunch Voucher,"Flexible lunch voucher for one of Berlin’s notable dining venues, positioned for simple agent purchase.",35,38,EUR,Berlin,Kreuzberg,Friedrichstraße area,DE,mock://berlin_seed,Synthetic Berlin seed based on restaurant gifting patterns,yes,email_qr,voucher,"restaurant,lunch,voucher",seed_live
Nobelhart & Schmutzig,restaurant,voucher,Dinner for Two,"Gift package calibrated for a date-night meal for two people, excluding or lightly including drinks.",89,97,EUR,Berlin,Kreuzberg,Friedrichstraße area,DE,mock://berlin_seed,Synthetic Berlin seed based on restaurant gifting patterns,yes,email_qr,single evening,"restaurant,dinner,couples,date night",seed_live
Nobelhart & Schmutzig,restaurant,voucher,Tasting Menu Experience,Premium culinary experience product for gifting at higher-end Berlin venues.,145,158,EUR,Berlin,Kreuzberg,Friedrichstraße area,DE,mock://berlin_seed,Synthetic Berlin seed based on restaurant gifting patterns,yes,email_qr,single evening,"restaurant,tasting menu,premium,culinary",seed_live
Bonvivant Cocktail Bistro,restaurant,voucher,Lunch Voucher,"Flexible lunch voucher for one of Berlin’s notable dining venues, positioned for simple agent purchase.",35,38,EUR,Berlin,Schöneberg,Goltzstraße area,DE,mock://berlin_seed,Synthetic Berlin seed based on restaurant gifting patterns,yes,email_qr,voucher,"restaurant,lunch,voucher",seed_live
Bonvivant Cocktail Bistro,restaurant,voucher,Dinner for Two,"Gift package calibrated for a date-night meal for two people, excluding or lightly including drinks.",89,97,EUR,Berlin,Schöneberg,Goltzstraße area,DE,mock://berlin_seed,Synthetic Berlin seed based on restaurant gifting patterns,yes,email_qr,single evening,"restaurant,dinner,couples,date night",seed_live
Bonvivant Cocktail Bistro,restaurant,voucher,Tasting Menu Experience,Premium culinary experience product for gifting at higher-end Berlin venues.,145,158,EUR,Berlin,Schöneberg,Goltzstraße area,DE,mock://berlin_seed,Synthetic Berlin seed based on restaurant gifting patterns,yes,email_qr,single evening,"restaurant,tasting menu,premium,culinary",seed_live
Kink Berlin,restaurant,voucher,Lunch Voucher,"Flexible lunch voucher for one of Berlin’s notable dining venues, positioned for simple agent purchase.",35,38,EUR,Berlin,Mitte,Heidestraße area,DE,mock://berlin_seed,Synthetic Berlin seed based on restaurant gifting patterns,yes,email_qr,voucher,"restaurant,lunch,voucher",seed_live
Kink Berlin,restaurant,voucher,Dinner for Two,"Gift package calibrated for a date-night meal for two people, excluding or lightly including drinks.",89,97,EUR,Berlin,Mitte,Heidestraße area,DE,mock://berlin_seed,Synthetic Berlin seed based on restaurant gifting patterns,yes,email_qr,single evening,"restaurant,dinner,couples,date night",seed_live
Kink Berlin,restaurant,voucher,Tasting Menu Experience,Premium culinary experience product for gifting at higher-end Berlin venues.,145,158,EUR,Berlin,Mitte,Heidestraße area,DE,mock://berlin_seed,Synthetic Berlin seed based on restaurant gifting patterns,yes,email_qr,single evening,"restaurant,tasting menu,premium,culinary",seed_live
Coda Dessert Dining,restaurant,voucher,Lunch Voucher,"Flexible lunch voucher for one of Berlin’s notable dining venues, positioned for simple agent purchase.",35,38,EUR,Berlin,Neukölln,Friedelstraße area,DE,mock://berlin_seed,Synthetic Berlin seed based on restaurant gifting patterns,yes,email_qr,voucher,"restaurant,lunch,voucher",seed_live
Coda Dessert Dining,restaurant,voucher,Dinner for Two,"Gift package calibrated for a date-night meal for two people, excluding or lightly including drinks.",89,97,EUR,Berlin,Neukölln,Friedelstraße area,DE,mock://berlin_seed,Synthetic Berlin seed based on restaurant gifting patterns,yes,email_qr,single evening,"restaurant,dinner,couples,date night",seed_live
Coda Dessert Dining,restaurant,voucher,Tasting Menu Experience,Premium culinary experience product for gifting at higher-end Berlin venues.,145,158,EUR,Berlin,Neukölln,Friedelstraße area,DE,mock://berlin_seed,Synthetic Berlin seed based on restaurant gifting patterns,yes,email_qr,single evening,"restaurant,tasting menu,premium,culinary",seed_live
Lode & Stijn,restaurant,voucher,Lunch Voucher,"Flexible lunch voucher for one of Berlin’s notable dining venues, positioned for simple agent purchase.",35,38,EUR,Berlin,Kreuzberg,Lausitzer Platz area,DE,mock://berlin_seed,Synthetic Berlin seed based on restaurant gifting patterns,yes,email_qr,voucher,"restaurant,lunch,voucher",seed_live
Lode & Stijn,restaurant,voucher,Dinner for Two,"Gift package calibrated for a date-night meal for two people, excluding or lightly including drinks.",89,97,EUR,Berlin,Kreuzberg,Lausitzer Platz area,DE,mock://berlin_seed,Synthetic Berlin seed based on restaurant gifting patterns,yes,email_qr,single evening,"restaurant,dinner,couples,date night",seed_live
Lode & Stijn,restaurant,voucher,Tasting Menu Experience,Premium culinary experience product for gifting at higher-end Berlin venues.,145,158,EUR,Berlin,Kreuzberg,Lausitzer Platz area,DE,mock://berlin_seed,Synthetic Berlin seed based on restaurant gifting patterns,yes,email_qr,single evening,"restaurant,tasting menu,premium,culinary",seed_live
AESTHE Berlin Skin Studio,beauty,skin treatment,Express Facial,Entry-level facial treatment designed for gifting and easy booking.,49,54,EUR,Berlin,Prenzlauer Berg,Kastanienallee area,DE,mock://berlin_seed,Synthetic Berlin seed based on beauty gifting patterns,yes,email_qr,45 min,"beauty,facial,entry level",seed_live
AESTHE Berlin Skin Studio,beauty,skin treatment,Signature Glow Facial,"Mid-tier skincare service with cleansing, exfoliation and hydration.",79,86,EUR,Berlin,Prenzlauer Berg,Kastanienallee area,DE,mock://berlin_seed,Synthetic Berlin seed based on beauty gifting patterns,yes,email_qr,60 min,"beauty,facial,glow,skincare",seed_live
AESTHE Berlin Skin Studio,beauty,skin treatment,Microneedling Voucher,Premium beauty voucher for advanced skin treatment.,129,141,EUR,Berlin,Prenzlauer Berg,Kastanienallee area,DE,mock://berlin_seed,Synthetic Berlin seed based on beauty gifting patterns,yes,email_qr,60-75 min,"beauty,microneedling,premium,voucher",seed_live
Glow Atelier Berlin,beauty,skin treatment,Express Facial,Entry-level facial treatment designed for gifting and easy booking.,49,54,EUR,Berlin,Mitte,Rosenthaler Platz area,DE,mock://berlin_seed,Synthetic Berlin seed based on beauty gifting patterns,yes,email_qr,45 min,"beauty,facial,entry level",seed_live
Glow Atelier Berlin,beauty,skin treatment,Signature Glow Facial,"Mid-tier skincare service with cleansing, exfoliation and hydration.",79,86,EUR,Berlin,Mitte,Rosenthaler Platz area,DE,mock://berlin_seed,Synthetic Berlin seed based on beauty gifting patterns,yes,email_qr,60 min,"beauty,facial,glow,skincare",seed_live
Glow Atelier Berlin,beauty,skin treatment,Microneedling Voucher,Premium beauty voucher for advanced skin treatment.,129,141,EUR,Berlin,Mitte,Rosenthaler Platz area,DE,mock://berlin_seed,Synthetic Berlin seed based on beauty gifting patterns,yes,email_qr,60-75 min,"beauty,microneedling,premium,voucher",seed_live
Maison de Beauté Charlottenburg,beauty,skin treatment,Express Facial,Entry-level facial treatment designed for gifting and easy booking.,49,54,EUR,Berlin,Charlottenburg,Savignyplatz area,DE,mock://berlin_seed,Synthetic Berlin seed based on beauty gifting patterns,yes,email_qr,45 min,"beauty,facial,entry level",seed_live
Maison de Beauté Charlottenburg,beauty,skin treatment,Signature Glow Facial,"Mid-tier skincare service with cleansing, exfoliation and hydration.",79,86,EUR,Berlin,Charlottenburg,Savignyplatz area,DE,mock://berlin_seed,Synthetic Berlin seed based on beauty gifting patterns,yes,email_qr,60 min,"beauty,facial,glow,skincare",seed_live
Maison de Beauté Charlottenburg,beauty,skin treatment,Microneedling Voucher,Premium beauty voucher for advanced skin treatment.,129,141,EUR,Berlin,Charlottenburg,Savignyplatz area,DE,mock://berlin_seed,Synthetic Berlin seed based on beauty gifting patterns,yes,email_qr,60-75 min,"beauty,microneedling,premium,voucher",seed_live
Brow & Glow Neukölln,beauty,skin treatment,Express Facial,Entry-level facial treatment designed for gifting and easy booking.,49,54,EUR,Berlin,Neukölln,Weserstraße area,DE,mock://berlin_seed,Synthetic Berlin seed based on beauty gifting patterns,yes,email_qr,45 min,"beauty,facial,entry level",seed_live
Brow & Glow Neukölln,beauty,skin treatment,Signature Glow Facial,"Mid-tier skincare service with cleansing, exfoliation and hydration.",79,86,EUR,Berlin,Neukölln,Weserstraße area,DE,mock://berlin_seed,Synthetic Berlin seed based on beauty gifting patterns,yes,email_qr,60 min,"beauty,facial,glow,skincare",seed_live
Brow & Glow Neukölln,beauty,skin treatment,Microneedling Voucher,Premium beauty voucher for advanced skin treatment.,129,141,EUR,Berlin,Neukölln,Weserstraße area,DE,mock://berlin_seed,Synthetic Berlin seed based on beauty gifting patterns,yes,email_qr,60-75 min,"beauty,microneedling,premium,voucher",seed_live
The Facial Room Berlin,beauty,skin treatment,Express Facial,Entry-level facial treatment designed for gifting and easy booking.,49,54,EUR,Berlin,Friedrichshain,Boxhagener Platz area,DE,mock://berlin_seed,Synthetic Berlin seed based on beauty gifting patterns,yes,email_qr,45 min,"beauty,facial,entry level",seed_live
The Facial Room Berlin,beauty,skin treatment,Signature Glow Facial,"Mid-tier skincare service with cleansing, exfoliation and hydration.",79,86,EUR,Berlin,Friedrichshain,Boxhagener Platz area,DE,mock://berlin_seed,Synthetic Berlin seed based on beauty gifting patterns,yes,email_qr,60 min,"beauty,facial,glow,skincare",seed_live
The Facial Room Berlin,beauty,skin treatment,Microneedling Voucher,Premium beauty voucher for advanced skin treatment.,129,141,EUR,Berlin,Friedrichshain,Boxhagener Platz area,DE,mock://berlin_seed,Synthetic Berlin seed based on beauty gifting patterns,yes,email_qr,60-75 min,"beauty,microneedling,premium,voucher",seed_live
Clay Commons Berlin,ceramics,workshop,Intro Clay Workshop,"Beginner handbuilding workshop for mugs, bowls or small decorative objects.",55,60,EUR,Berlin,Wedding,Sprengelkiez area,DE,mock://berlin_seed,Synthetic Berlin seed based on Berlin pottery studio patterns,yes,email_qr,2 hours,"ceramics,beginner,handbuilding",seed_live
Clay Commons Berlin,ceramics,workshop,Wheel Throwing Session,Beginner-to-intermediate wheel session with one fired piece included.,89,97,EUR,Berlin,Wedding,Sprengelkiez area,DE,mock://berlin_seed,Synthetic Berlin seed based on Berlin pottery studio patterns,yes,email_qr,2.5 hours,"ceramics,wheel throwing,creative",seed_live
Clay Commons Berlin,ceramics,workshop,Weekend Pottery Course,Short multi-session ceramics course with glazing and finishing.,165,180,EUR,Berlin,Wedding,Sprengelkiez area,DE,mock://berlin_seed,Synthetic Berlin seed based on Berlin pottery studio patterns,yes,email_qr,weekend course,"ceramics,course,weekend,premium",seed_live
Studio Ton Berlin,ceramics,workshop,Intro Clay Workshop,"Beginner handbuilding workshop for mugs, bowls or small decorative objects.",55,60,EUR,Berlin,Friedrichshain,Samariterkiez area,DE,mock://berlin_seed,Synthetic Berlin seed based on Berlin pottery studio patterns,yes,email_qr,2 hours,"ceramics,beginner,handbuilding",seed_live
Studio Ton Berlin,ceramics,workshop,Wheel Throwing Session,Beginner-to-intermediate wheel session with one fired piece included.,89,97,EUR,Berlin,Friedrichshain,Samariterkiez area,DE,mock://berlin_seed,Synthetic Berlin seed based on Berlin pottery studio patterns,yes,email_qr,2.5 hours,"ceramics,wheel throwing,creative",seed_live
Studio Ton Berlin,ceramics,workshop,Weekend Pottery Course,Short multi-session ceramics course with glazing and finishing.,165,180,EUR,Berlin,Friedrichshain,Samariterkiez area,DE,mock://berlin_seed,Synthetic Berlin seed based on Berlin pottery studio patterns,yes,email_qr,weekend course,"ceramics,course,weekend,premium",seed_live
Mud Club Kreuzberg,ceramics,workshop,Intro Clay Workshop,"Beginner handbuilding workshop for mugs, bowls or small decorative objects.",55,60,EUR,Berlin,Kreuzberg,Bergmannkiez area,DE,mock://berlin_seed,Synthetic Berlin seed based on Berlin pottery studio patterns,yes,email_qr,2 hours,"ceramics,beginner,handbuilding",seed_live
Mud Club Kreuzberg,ceramics,workshop,Wheel Throwing Session,Beginner-to-intermediate wheel session with one fired piece included.,89,97,EUR,Berlin,Kreuzberg,Bergmannkiez area,DE,mock://berlin_seed,Synthetic Berlin seed based on Berlin pottery studio patterns,yes,email_qr,2.5 hours,"ceramics,wheel throwing,creative",seed_live
Mud Club Kreuzberg,ceramics,workshop,Weekend Pottery Course,Short multi-session ceramics course with glazing and finishing.,165,180,EUR,Berlin,Kreuzberg,Bergmannkiez area,DE,mock://berlin_seed,Synthetic Berlin seed based on Berlin pottery studio patterns,yes,email_qr,weekend course,"ceramics,course,weekend,premium",seed_live
Wheel House Berlin,ceramics,workshop,Intro Clay Workshop,"Beginner handbuilding workshop for mugs, bowls or small decorative objects.",55,60,EUR,Berlin,Prenzlauer Berg,Helmholtzkiez area,DE,mock://berlin_seed,Synthetic Berlin seed based on Berlin pottery studio patterns,yes,email_qr,2 hours,"ceramics,beginner,handbuilding",seed_live
Wheel House Berlin,ceramics,workshop,Wheel Throwing Session,Beginner-to-intermediate wheel session with one fired piece included.,89,97,EUR,Berlin,Prenzlauer Berg,Helmholtzkiez area,DE,mock://berlin_seed,Synthetic Berlin seed based on Berlin pottery studio patterns,yes,email_qr,2.5 hours,"ceramics,wheel throwing,creative",seed_live
Wheel House Berlin,ceramics,workshop,Weekend Pottery Course,Short multi-session ceramics course with glazing and finishing.,165,180,EUR,Berlin,Prenzlauer Berg,Helmholtzkiez area,DE,mock://berlin_seed,Synthetic Berlin seed based on Berlin pottery studio patterns,yes,email_qr,weekend course,"ceramics,course,weekend,premium",seed_live
Keramik Kollektiv Neukölln,ceramics,workshop,Intro Clay Workshop,"Beginner handbuilding workshop for mugs, bowls or small decorative objects.",55,60,EUR,Berlin,Neukölln,Reuterkiez area,DE,mock://berlin_seed,Synthetic Berlin seed based on Berlin pottery studio patterns,yes,email_qr,2 hours,"ceramics,beginner,handbuilding",seed_live
Keramik Kollektiv Neukölln,ceramics,workshop,Wheel Throwing Session,Beginner-to-intermediate wheel session with one fired piece included.,89,97,EUR,Berlin,Neukölln,Reuterkiez area,DE,mock://berlin_seed,Synthetic Berlin seed based on Berlin pottery studio patterns,yes,email_qr,2.5 hours,"ceramics,wheel throwing,creative",seed_live
Keramik Kollektiv Neukölln,ceramics,workshop,Weekend Pottery Course,Short multi-session ceramics course with glazing and finishing.,165,180,EUR,Berlin,Neukölln,Reuterkiez area,DE,mock://berlin_seed,Synthetic Berlin seed based on Berlin pottery studio patterns,yes,email_qr,weekend course,"ceramics,course,weekend,premium",seed_live
Yorck Kinogruppe,cinema,ticket,Single Cinema Ticket,"Giftable ticket for one screening, simple low-price product for the marketplace.",11,12,EUR,Berlin,Multiple Districts,Various Berlin cinemas,DE,mock://berlin_seed,Synthetic Berlin seed based on cinema/event gifting patterns,yes,email_qr,single screening,"cinema,ticket,entry level",seed_live
Yorck Kinogruppe,cinema,ticket,Cinema Night for Two,Two-ticket pack positioned for a shared outing or date night.,22,24,EUR,Berlin,Multiple Districts,Various Berlin cinemas,DE,mock://berlin_seed,Synthetic Berlin seed based on cinema/event gifting patterns,yes,email_qr,single evening,"cinema,couples,date night",seed_live
Yorck Kinogruppe,cinema,ticket,Special Screening Pass,"Premium ticket concept for event screenings, previews or live-accompanied film nights.",30,33,EUR,Berlin,Multiple Districts,Various Berlin cinemas,DE,mock://berlin_seed,Synthetic Berlin seed based on cinema/event gifting patterns,yes,email_qr,event-based,"cinema,special screening,event",seed_live
Wolf Kino,cinema,ticket,Single Cinema Ticket,"Giftable ticket for one screening, simple low-price product for the marketplace.",11,12,EUR,Berlin,Neukölln,Weserstraße area,DE,mock://berlin_seed,Synthetic Berlin seed based on cinema/event gifting patterns,yes,email_qr,single screening,"cinema,ticket,entry level",seed_live
Wolf Kino,cinema,ticket,Cinema Night for Two,Two-ticket pack positioned for a shared outing or date night.,22,24,EUR,Berlin,Neukölln,Weserstraße area,DE,mock://berlin_seed,Synthetic Berlin seed based on cinema/event gifting patterns,yes,email_qr,single evening,"cinema,couples,date night",seed_live
Wolf Kino,cinema,ticket,Special Screening Pass,"Premium ticket concept for event screenings, previews or live-accompanied film nights.",30,33,EUR,Berlin,Neukölln,Weserstraße area,DE,mock://berlin_seed,Synthetic Berlin seed based on cinema/event gifting patterns,yes,email_qr,event-based,"cinema,special screening,event",seed_live
IL KINO,cinema,ticket,Single Cinema Ticket,"Giftable ticket for one screening, simple low-price product for the marketplace.",11,12,EUR,Berlin,Neukölln,Nansenstraße area,DE,mock://berlin_seed,Synthetic Berlin seed based on cinema/event gifting patterns,yes,email_qr,single screening,"cinema,ticket,entry level",seed_live
IL KINO,cinema,ticket,Cinema Night for Two,Two-ticket pack positioned for a shared outing or date night.,22,24,EUR,Berlin,Neukölln,Nansenstraße area,DE,mock://berlin_seed,Synthetic Berlin seed based on cinema/event gifting patterns,yes,email_qr,single evening,"cinema,couples,date night",seed_live
IL KINO,cinema,ticket,Special Screening Pass,"Premium ticket concept for event screenings, previews or live-accompanied film nights.",30,33,EUR,Berlin,Neukölln,Nansenstraße area,DE,mock://berlin_seed,Synthetic Berlin seed based on cinema/event gifting patterns,yes,email_qr,event-based,"cinema,special screening,event",seed_live
Lichtblick Kino,cinema,ticket,Single Cinema Ticket,"Giftable ticket for one screening, simple low-price product for the marketplace.",11,12,EUR,Berlin,Prenzlauer Berg,Kastanienallee area,DE,mock://berlin_seed,Synthetic Berlin seed based on cinema/event gifting patterns,yes,email_qr,single screening,"cinema,ticket,entry level",seed_live
Lichtblick Kino,cinema,ticket,Cinema Night for Two,Two-ticket pack positioned for a shared outing or date night.,22,24,EUR,Berlin,Prenzlauer Berg,Kastanienallee area,DE,mock://berlin_seed,Synthetic Berlin seed based on cinema/event gifting patterns,yes,email_qr,single evening,"cinema,couples,date night",seed_live
Lichtblick Kino,cinema,ticket,Special Screening Pass,"Premium ticket concept for event screenings, previews or live-accompanied film nights.",30,33,EUR,Berlin,Prenzlauer Berg,Kastanienallee area,DE,mock://berlin_seed,Synthetic Berlin seed based on cinema/event gifting patterns,yes,email_qr,event-based,"cinema,special screening,event",seed_live
Freiluftkino Kreuzberg,cinema,ticket,Single Cinema Ticket,"Giftable ticket for one screening, simple low-price product for the marketplace.",11,12,EUR,Berlin,Kreuzberg,Mariannenplatz area,DE,mock://berlin_seed,Synthetic Berlin seed based on cinema/event gifting patterns,yes,email_qr,single screening,"cinema,ticket,entry level",seed_live
Freiluftkino Kreuzberg,cinema,ticket,Cinema Night for Two,Two-ticket pack positioned for a shared outing or date night.,22,24,EUR,Berlin,Kreuzberg,Mariannenplatz area,DE,mock://berlin_seed,Synthetic Berlin seed based on cinema/event gifting patterns,yes,email_qr,single evening,"cinema,couples,date night",seed_live
Freiluftkino Kreuzberg,cinema,ticket,Special Screening Pass,"Premium ticket concept for event screenings, previews or live-accompanied film nights.",30,33,EUR,Berlin,Kreuzberg,Mariannenplatz area,DE,mock://berlin_seed,Synthetic Berlin seed based on cinema/event gifting patterns,yes,email_qr,event-based,"cinema,special screening,event",seed_live
Mobile Kino,cinema,ticket,Single Cinema Ticket,"Giftable ticket for one screening, simple low-price product for the marketplace.",11,12,EUR,Berlin,Berlin,Pop-up venues across Berlin,DE,mock://berlin_seed,Synthetic Berlin seed based on cinema/event gifting patterns,yes,email_qr,single screening,"cinema,ticket,entry level",seed_live
Mobile Kino,cinema,ticket,Cinema Night for Two,Two-ticket pack positioned for a shared outing or date night.,22,24,EUR,Berlin,Berlin,Pop-up venues across Berlin,DE,mock://berlin_seed,Synthetic Berlin seed based on cinema/event gifting patterns,yes,email_qr,single evening,"cinema,couples,date night",seed_live
Mobile Kino,cinema,ticket,Special Screening Pass,"Premium ticket concept for event screenings, previews or live-accompanied film nights.",30,33,EUR,Berlin,Berlin,Pop-up venues across Berlin,DE,mock://berlin_seed,Synthetic Berlin seed based on cinema/event gifting patterns,yes,email_qr,event-based,"cinema,special screening,event",seed_live
Studio Ton Berlin Shop,crafts,ceramic goods,Handmade Ceramic Mug,"Small-batch handcrafted mug in Berlin studio style, suitable for physical gift fulfilment or pickup.",24,26,EUR,Berlin,Friedrichshain,Samariterkiez area,DE,mock://berlin_seed,Synthetic Berlin seed inspired by local ceramics retail,yes,email_qr,physical product,"craft,ceramic,mug,homeware",seed_live
Studio Ton Berlin Shop,crafts,ceramic goods,Handmade Serving Bowl,Giftable ceramic serving bowl with artisan finish and local studio branding.,42,46,EUR,Berlin,Friedrichshain,Samariterkiez area,DE,mock://berlin_seed,Synthetic Berlin seed inspired by local ceramics retail,yes,email_qr,physical product,"craft,ceramic,bowl,tableware",seed_live
Studio Ton Berlin Shop,crafts,ceramic goods,Pair of Espresso Cups,"Set of two handcrafted espresso cups, compact and easy for gifting.",32,35,EUR,Berlin,Friedrichshain,Samariterkiez area,DE,mock://berlin_seed,Synthetic Berlin seed inspired by local ceramics retail,yes,email_qr,physical product,"craft,ceramic,espresso cups,set",seed_live
Clay Commons Store,crafts,ceramic goods,Handmade Ceramic Mug,"Small-batch handcrafted mug in Berlin studio style, suitable for physical gift fulfilment or pickup.",24,26,EUR,Berlin,Wedding,Sprengelkiez area,DE,mock://berlin_seed,Synthetic Berlin seed inspired by local ceramics retail,yes,email_qr,physical product,"craft,ceramic,mug,homeware",seed_live
Clay Commons Store,crafts,ceramic goods,Handmade Serving Bowl,Giftable ceramic serving bowl with artisan finish and local studio branding.,42,46,EUR,Berlin,Wedding,Sprengelkiez area,DE,mock://berlin_seed,Synthetic Berlin seed inspired by local ceramics retail,yes,email_qr,physical product,"craft,ceramic,bowl,tableware",seed_live
Clay Commons Store,crafts,ceramic goods,Pair of Espresso Cups,"Set of two handcrafted espresso cups, compact and easy for gifting.",32,35,EUR,Berlin,Wedding,Sprengelkiez area,DE,mock://berlin_seed,Synthetic Berlin seed inspired by local ceramics retail,yes,email_qr,physical product,"craft,ceramic,espresso cups,set",seed_live
Keramik Kollektiv Shop,crafts,ceramic goods,Handmade Ceramic Mug,"Small-batch handcrafted mug in Berlin studio style, suitable for physical gift fulfilment or pickup.",24,26,EUR,Berlin,Neukölln,Reuterkiez area,DE,mock://berlin_seed,Synthetic Berlin seed inspired by local ceramics retail,yes,email_qr,physical product,"craft,ceramic,mug,homeware",seed_live
Keramik Kollektiv Shop,crafts,ceramic goods,Handmade Serving Bowl,Giftable ceramic serving bowl with artisan finish and local studio branding.,42,46,EUR,Berlin,Neukölln,Reuterkiez area,DE,mock://berlin_seed,Synthetic Berlin seed inspired by local ceramics retail,yes,email_qr,physical product,"craft,ceramic,bowl,tableware",seed_live
Keramik Kollektiv Shop,crafts,ceramic goods,Pair of Espresso Cups,"Set of two handcrafted espresso cups, compact and easy for gifting.",32,35,EUR,Berlin,Neukölln,Reuterkiez area,DE,mock://berlin_seed,Synthetic Berlin seed inspired by local ceramics retail,yes,email_qr,physical product,"craft,ceramic,espresso cups,set",seed_live
